CNC.Controls.WPF.g.en-US.resources:macroeditor.baml,btn_add:System.Windows.Controls.ContentControl.Content,Button,True,True,,添加
CNC.Controls.WPF.g.en-US.resources:grblconfigcontrol.baml,btn_backup:System.Windows.Controls.ContentControl.Content,Button,True,True,,備份
CNC.Controls.WPF.g.en-US.resources:portdialog.baml,btn_cancel:System.Windows.Controls.ContentControl.Content,Button,True,True,,取消
CNC.Controls.WPF.g.en-US.resources:gcoderotatedialog.baml,btn_cancel:System.Windows.Controls.ContentControl.Content,Button,True,True,,取消
CNC.Controls.WPF.g.en-US.resources:macroeditor.baml,btn_cancel:System.Windows.Controls.ContentControl.Content,Button,True,True,,取消
CNC.Controls.WPF.g.en-US.resources:gcodewrapdialog.baml,btn_cancel:System.Windows.Controls.ContentControl.Content,Button,True,True,,取消
CNC.Controls.WPF.g.en-US.resources:consolecontrol.baml,btn_clear:System.Windows.Controls.ContentControl.Content,Button,True,True,,清除
CNC.Controls.WPF.g.en-US.resources:offsetview.baml,btn_clear:System.Windows.Controls.ContentControl.Content,Button,True,True,,清除全部
CNC.Controls.WPF.g.en-US.resources:toolview.baml,btn_clear:System.Windows.Controls.ContentControl.Content,Button,True,True,,清除全部
CNC.Controls.WPF.g.en-US.resources:offsetview.baml,btn_currPos:System.Windows.Controls.ContentControl.Content,Button,True,True,,獲取當前位置
CNC.Controls.WPF.g.en-US.resources:toolview.baml,btn_currPos:System.Windows.Controls.ContentControl.Content,Button,True,True,,獲取當前位置
CNC.Controls.WPF.g.en-US.resources:jobcontrol.baml,btn_cycleStart:System.Windows.Controls.ContentControl.Content,Button,True,True,,開始加工
CNC.Controls.WPF.g.en-US.resources:jobcontrol.baml,btn_cycleStart:System.Windows.FrameworkElement.ToolTip,ToolTip,True,True,,Alt+R
CNC.Controls.WPF.g.en-US.resources:macroexecutecontrol.baml,btn_edit:System.Windows.Controls.ContentControl.Content,Button,True,True,,編輯添加
CNC.Controls.WPF.g.en-US.resources:jobcontrol.baml,btn_feedHold:System.Windows.FrameworkElement.ToolTip,ToolTip,True,True,,空間
CNC.Controls.WPF.g.en-US.resources:jobcontrol.baml,btn_feedHold:System.Windows.Controls.ContentControl.Content,Button,True,True,,進給保持
CNC.Controls.WPF.g.en-US.resources:trinamicview.baml,btn_getStatus:System.Windows.Controls.ContentControl.Content,Button,True,True,,獲取狀態
CNC.Controls.WPF.g.en-US.resources:trinamicview.baml,btn_getStatusAll:System.Windows.Controls.ContentControl.Content,Button,True,True,,獲取所有驅動程序的狀態
CNC.Controls.WPF.g.en-US.resources:outlineflyout.baml,btn_go:System.Windows.Controls.ContentControl.Content,Button,True,True,,Go
CNC.Controls.WPF.g.en-US.resources:outlinebasecontrol.baml,btn_go:System.Windows.Controls.ContentControl.Content,Button,True,True,,Go
CNC.Controls.WPF.g.en-US.resources:steppercalibrationwizard.baml,btn_goneg:System.Windows.FrameworkElement.ToolTip,ToolTip,True,True,,Press to move in the negative direction.
CNC.Controls.WPF.g.en-US.resources:steppercalibrationwizard.baml,btn_goneg:System.Windows.Controls.ContentControl.Content,Button,True,True,,Go-
CNC.Controls.WPF.g.en-US.resources:steppercalibrationwizard.baml,btn_gopos:System.Windows.FrameworkElement.ToolTip,ToolTip,True,True,,Press to move in the positive direction.
CNC.Controls.WPF.g.en-US.resources:steppercalibrationwizard.baml,btn_gopos:System.Windows.Controls.ContentControl.Content,Button,True,True,,Go+
CNC.Controls.WPF.g.en-US.resources:gotobasecontrol.baml,btn_goto:System.Windows.Controls.ContentControl.Content,Button,True,True,,Go
CNC.Controls.WPF.g.en-US.resources:gotobasecontrol.baml,btn_gotoG28:System.Windows.Controls.ContentControl.Content,Button,True,True,,轉到位置 1 (G28)
CNC.Controls.WPF.g.en-US.resources:gotobasecontrol.baml,btn_gotoG30:System.Windows.Controls.ContentControl.Content,Button,True,True,,轉到位置 2 (G30)
CNC.Controls.WPF.g.en-US.resources:statuscontrol.baml,btn_home:System.Windows.FrameworkElement.ToolTip,ToolTip,True,True,,Ctrl+H
CNC.Controls.WPF.g.en-US.resources:statuscontrol.baml,btn_home:System.Windows.Controls.ContentControl.Content,Button,True,True,,歸位
CNC.Controls.WPF.g.en-US.resources:macroeditor.baml,btn_ok:System.Windows.Controls.ContentControl.Content,Button,True,True,,Ok
CNC.Controls.WPF.g.en-US.resources:portdialog.baml,btn_ok:System.Windows.Controls.ContentControl.Content,Button,True,True,,Ok
CNC.Controls.WPF.g.en-US.resources:about.baml,btn_ok:System.Windows.Controls.ContentControl.Content,Button,True,True,,Ok
CNC.Controls.WPF.g.en-US.resources:gcoderotatedialog.baml,btn_ok:System.Windows.Controls.ContentControl.Content,Button,True,True,,Ok
CNC.Controls.WPF.g.en-US.resources:gcodewrapdialog.baml,btn_ok:System.Windows.Controls.ContentControl.Content,Button,True,True,,Ok
CNC.Controls.WPF.g.en-US.resources:grblconfigcontrol.baml,btn_reload:System.Windows.FrameworkElement.ToolTip,ToolTip,True,True,,從控制器重新加載設置。
CNC.Controls.WPF.g.en-US.resources:grblconfigcontrol.baml,btn_reload:System.Windows.Controls.ContentControl.Content,Button,True,True,,重新加載
CNC.Controls.WPF.g.en-US.resources:statuscontrol.baml,btn_reset:System.Windows.FrameworkElement.ToolTip,ToolTip,True,True,,Ctrl+Shift+R
CNC.Controls.WPF.g.en-US.resources:statuscontrol.baml,btn_reset:System.Windows.Controls.ContentControl.Content,Button,True,True,,復位
CNC.Controls.WPF.g.en-US.resources:grblconfigcontrol.baml,btn_restore:System.Windows.Controls.ContentControl.Content,Button,True,True,,恢復
CNC.Controls.WPF.g.en-US.resources:jobcontrol.baml,btn_rewind:System.Windows.Controls.ContentControl.Content,Button,True,True,,重置發送列表
CNC.Controls.WPF.g.en-US.resources:grblconfigcontrol.baml,btn_save:System.Windows.FrameworkElement.ToolTip,ToolTip,True,True,,將更改的設置保存到控制器。
CNC.Controls.WPF.g.en-US.resources:grblconfigcontrol.baml,btn_save:System.Windows.Controls.ContentControl.Content,Button,True,True,,保存
CNC.Controls.WPF.g.en-US.resources:appconfigview.baml,btn_saveKeyMap:System.Windows.Controls.ContentControl.Content,Button,True,True,,保存鍵盤映射
CNC.Controls.WPF.g.en-US.resources:appconfigview.baml,btn_saveSettings:System.Windows.Controls.ContentControl.Content,Button,True,True,,保存設置
CNC.Controls.WPF.g.en-US.resources:mdicontrol.baml,btn_send:System.Windows.Controls.ContentControl.Content,Button,True,True,,發送
CNC.Controls.WPF.g.en-US.resources:coordvaluesetcontrol.baml,btn_set:System.Windows.Controls.ContentControl.Content,Button,True,True,,設置
CNC.Controls.WPF.g.en-US.resources:offsetview.baml,btn_setAll:System.Windows.Controls.ContentControl.Content,Button,True,True,,設置全部
CNC.Controls.WPF.g.en-US.resources:toolview.baml,btn_setAll:System.Windows.Controls.ContentControl.Content,Button,True,True,,設置全部
CNC.Controls.WPF.g.en-US.resources:jobcontrol.baml,btn_stop:System.Windows.FrameworkElement.ToolTip,ToolTip,True,True,,Alt+S
CNC.Controls.WPF.g.en-US.resources:jobcontrol.baml,btn_stop:System.Windows.Controls.ContentControl.Content,Button,True,True,,停止
CNC.Controls.WPF.g.en-US.resources:steppercalibrationwizard.baml,btn_stop:System.Windows.Controls.ContentControl.Content,Button,True,True,,Stop
CNC.Controls.WPF.g.en-US.resources:about.baml,btn_toClipboard:System.Windows.FrameworkElement.ToolTip,ToolTip,True,True,,將 grbl 版本信息和設置複製到剪貼板
CNC.Controls.WPF.g.en-US.resources:about.baml,btn_toClipboard:System.Windows.Controls.ContentControl.Content,Button,True,True,,到剪貼板
CNC.Controls.WPF.g.en-US.resources:statuscontrol.baml,btn_unlock:System.Windows.Controls.ContentControl.Content,Button,True,True,,解鎖
CNC.Controls.WPF.g.en-US.resources:statuscontrol.baml,btn_unlock:System.Windows.FrameworkElement.ToolTip,ToolTip,True,True,,Ctrl+U
CNC.Controls.WPF.g.en-US.resources:steppercalibrationwizard.baml,btn_update:System.Windows.Controls.ContentControl.Content,Button,True,True,,Save
CNC.Controls.WPF.g.en-US.resources:sdcardview.baml,btn_upload:System.Windows.Controls.ContentControl.Content,Button,True,True,,上傳
CNC.Controls.WPF.g.en-US.resources:drocontrol.baml,btn_zeroAll:System.Windows.Controls.ContentControl.Content,Button,True,True,,全部清零
CNC.Controls.WPF.g.en-US.resources:macroeditor.baml,chk_confirm:System.Windows.Controls.ContentControl.Content,CheckBox,True,True,,執行前確認
CNC.Controls.WPF.g.en-US.resources:sdcardview.baml,chk_viewAll:System.Windows.Controls.ContentControl.Content,CheckBox,True,True,,List CNC files only
CNC.Controls.WPF.g.en-US.resources:sdcardview.baml,dgr_sdcard:System.Windows.FrameworkElement.ToolTip,ToolTip,True,True,,右鍵單擊菜單，雙擊運行文件。
CNC.Controls.WPF.g.en-US.resources:about.baml,dlg_about:System.Windows.Window.Title,Title,True,True,,關於
CNC.Controls.WPF.g.en-US.resources:portdialog.baml,dlg_connection:System.Windows.Window.Title,Title,True,True,,上位機連接
CNC.Controls.WPF.g.en-US.resources:macroeditor.baml,dlg_macroEditor:System.Windows.Window.Title,Title,True,True,,宏編輯器
CNC.Controls.WPF.g.en-US.resources:consolewindow.baml,dlg_senderConsole:System.Windows.Window.Title,Title,True,True,,上位機控制檯
CNC.Controls.WPF.g.en-US.resources:portdialog.baml,dlg_title:System.Windows.Window.Title,Title,True,True,,上位機連接
CNC.Controls.WPF.g.en-US.resources:gcoderotatedialog.baml,fld_angle:CNC.Controls.NumericField.Label,None,True,True,,角度：
CNC.Controls.WPF.g.en-US.resources:gcoderotatedialog.baml,fld_angle:CNC.Controls.NumericField.Unit,None,True,True,,度
CNC.Controls.WPF.g.en-US.resources:gcodewrapdialog.baml,fld_diameter:CNC.Controls.NumericField.Label,None,True,True,,直徑：
CNC.Controls.WPF.g.en-US.resources:steppercalibrationwizard.baml,fld_distance:CNC.Controls.NumericField.Label,None,True,True,,Distance:
CNC.Controls.WPF.g.en-US.resources:jogconfigcontrol.baml,fld_fastDistance:CNC.Controls.NumericField.Label,None,False,True,,快速距離：
CNC.Controls.WPF.g.en-US.resources:jogconfigcontrol.baml,fld_fastFeedrate:CNC.Controls.NumericField.Label,None,False,True,,快速進給速度：
CNC.Controls.WPF.g.en-US.resources:jogconfigcontrol.baml,fld_fastFeedrate:CNC.Controls.NumericField.Unit,None,False,True,,mm/min
CNC.Controls.WPF.g.en-US.resources:grblconfigcontrol.baml,fld_findSetting:CNC.Controls.NumericField.KeyDown,None,True,True,,searchField_KeyDown
CNC.Controls.WPF.g.en-US.resources:grblconfigcontrol.baml,fld_findSetting:System.Windows.FrameworkElement.ToolTip,ToolTip,True,True,,Search for setting
CNC.Controls.WPF.g.en-US.resources:grblconfigcontrol.baml,fld_findSetting:CNC.Controls.NumericField.Label,None,True,True,,Setting:
CNC.Controls.WPF.g.en-US.resources:grblconfigcontrol.baml,fld_findSetting:CNC.Controls.NumericField.Unit,None,True,True,,
CNC.Controls.WPF.g.en-US.resources:grblconfigview.baml,fld_findSetting:CNC.Controls.NumericField.Unit,None,True,True,,
CNC.Controls.WPF.g.en-US.resources:basicconfigcontrol.baml,fld_maxBuffer:CNC.Controls.NumericField.Label,None,False,True,,最大緩衝區:
CNC.Controls.WPF.g.en-US.resources:basicconfigcontrol.baml,fld_maxBuffer:CNC.Controls.NumericField.Unit,None,False,True,,字節
CNC.Controls.WPF.g.en-US.resources:basicconfigcontrol.baml,fld_maxBuffer:System.Windows.FrameworkElement.ToolTip,ToolTip,True,True,,使用的最大串行緩衝區大小（限制爲報告值的 90%）。
CNC.Controls.WPF.g.en-US.resources:steppercalibrationwizard.baml,fld_measured:CNC.Controls.NumericField.Label,None,True,True,,Measured:
CNC.Controls.WPF.g.en-US.resources:steppercalibrationwizard.baml,fld_measured:CNC.Controls.NumericField.Tooltip2,None,True,True,,Actual distance.
CNC.Controls.WPF.g.en-US.resources:basicconfigcontrol.baml,fld_pollInterval:CNC.Controls.NumericField.Unit,None,False,True,,ms
CNC.Controls.WPF.g.en-US.resources:basicconfigcontrol.baml,fld_pollInterval:System.Windows.FrameworkElement.ToolTip,ToolTip,True,True,,狀態請求發送到控制器的間隔時間。
CNC.Controls.WPF.g.en-US.resources:basicconfigcontrol.baml,fld_pollInterval:CNC.Controls.NumericField.Label,None,False,True,,輪詢間隔:
CNC.Controls.WPF.g.en-US.resources:basicconfigcontrol.baml,fld_resetDelay:System.Windows.FrameworkElement.ToolTip,ToolTip,True,True,,延遲，以便控制器在通訊開始前完成啟動。 
CNC.Controls.WPF.g.en-US.resources:basicconfigcontrol.baml,fld_resetDelay:CNC.Controls.NumericField.Label,None,False,True,,復位延遲:
CNC.Controls.WPF.g.en-US.resources:basicconfigcontrol.baml,fld_resetDelay:CNC.Controls.NumericField.Unit,None,False,True,,ms
CNC.Controls.WPF.g.en-US.resources:steppercalibrationwizard.baml,fld_resolution:CNC.Controls.NumericField.Label,None,True,True,,Resolution:
CNC.Controls.WPF.g.en-US.resources:steppercalibrationwizard.baml,fld_resolution:CNC.Controls.NumericField.IsReadOnly,None,True,True,,True
CNC.Controls.WPF.g.en-US.resources:jogconfigcontrol.baml,fld_slowDistance:CNC.Controls.NumericField.Label,None,False,True,,慢速距離：
CNC.Controls.WPF.g.en-US.resources:jogconfigcontrol.baml,fld_slowFeedrate:CNC.Controls.NumericField.Unit,None,False,True,,mm/min
CNC.Controls.WPF.g.en-US.resources:jogconfigcontrol.baml,fld_slowFeedrate:CNC.Controls.NumericField.Label,None,False,True,,慢速進給：
CNC.Controls.WPF.g.en-US.resources:jogconfigcontrol.baml,fld_stepDistance:CNC.Controls.NumericField.Label,None,False,True,,步距：
CNC.Controls.WPF.g.en-US.resources:jogconfigcontrol.baml,fld_stepFeedrate:CNC.Controls.NumericField.Unit,None,False,True,,mm/min
CNC.Controls.WPF.g.en-US.resources:jogconfigcontrol.baml,fld_stepFeedrate:CNC.Controls.NumericField.Label,None,False,True,,步進進給速度：
CNC.Controls.WPF.g.en-US.resources:basicconfigcontrol.baml,grb_mainConfig:System.Windows.Controls.HeaderedContentControl.Header,Label,True,True,,Main
CNC.Controls.WPF.g.en-US.resources:coolantcontrol.baml,grp_coolant:System.Windows.Controls.HeaderedContentControl.Header,Label,True,True,,冷卻液
CNC.Controls.WPF.g.en-US.resources:drocontrol.baml,grp_dro:System.Windows.Controls.HeaderedContentControl.Header,Label,True,True,,工件座標
CNC.Controls.WPF.g.en-US.resources:feedcontrol.baml,grp_feedrate:System.Windows.Controls.HeaderedContentControl.Header,Label,True,True,,進給倍率
CNC.Controls.WPF.g.en-US.resources:stripgcodeconfigcontrol.baml,grp_gcodeStrip:System.Windows.Controls.HeaderedContentControl.Header,Label,True,True,,G代碼命令剝離
CNC.Controls.WPF.g.en-US.resources:gotocontrol.baml,grp_goto:System.Windows.Controls.HeaderedContentControl.Header,Label,True,True,,Goto
CNC.Controls.WPF.g.en-US.resources:jogbasecontrol.baml,grp_jogDistance:System.Windows.Controls.HeaderedContentControl.Header,Label,True,True,,距離
CNC.Controls.WPF.g.en-US.resources:jogbasecontrol.baml,grp_jogFeedrate:System.Windows.Controls.HeaderedContentControl.Header,Label,True,True,,進給倍率
CNC.Controls.WPF.g.en-US.resources:jogconfigcontrol.baml,grp_kbdJogging:System.Windows.Controls.HeaderedContentControl.Header,Label,True,True,,鍵盤JOG
CNC.Controls.WPF.g.en-US.resources:mdicontrol.baml,grp_mdi:System.Windows.Controls.HeaderedContentControl.Header,Label,True,True,,MDI
CNC.Controls.WPF.g.en-US.resources:outlinecontrol.baml,grp_outline:System.Windows.Controls.HeaderedContentControl.Header,Label,True,True,,加工範圍
CNC.Controls.WPF.g.en-US.resources:limitscontrol.baml,grp_programLimits:System.Windows.Controls.HeaderedContentControl.Header,Label,True,True,,程序範圍
CNC.Controls.WPF.g.en-US.resources:gcoderotatedialog.baml,grp_rotationCenter:System.Windows.FrameworkElement.ToolTip,ToolTip,True,True,,單擊選擇相對於工件的旋轉中心，如果不選擇X0，則使用Y0。
CNC.Controls.WPF.g.en-US.resources:gcoderotatedialog.baml,grp_rotationCenter:System.Windows.Controls.HeaderedContentControl.Header,Label,True,True,,旋轉中心
CNC.Controls.WPF.g.en-US.resources:signalscontrol.baml,grp_signals:System.Windows.Controls.HeaderedContentControl.Header,Label,True,True,,信號狀態
CNC.Controls.WPF.g.en-US.resources:spindlecontrol.baml,grp_spindle:System.Windows.Controls.HeaderedContentControl.Header,Label,True,True,,主軸
CNC.Controls.WPF.g.en-US.resources:trinamicview.baml,grp_stallGuard:System.Windows.Controls.HeaderedContentControl.Header,Label,True,True,,檔位保護
CNC.Controls.WPF.g.en-US.resources:jogcontrol.baml,grp_uijog:System.Windows.Controls.HeaderedContentControl.Header,Label,True,True,,JOG
CNC.Controls.WPF.g.en-US.resources:joguiconfigcontrol.baml,grp_uiJogging:System.Windows.Controls.HeaderedContentControl.Header,Label,True,True,,用戶JOG界面
CNC.Controls.WPF.g.en-US.resources:workparameterscontrol.baml,grp_workparams:System.Windows.Controls.HeaderedContentControl.Header,Label,True,True,,工作參數
CNC.Controls.WPF.g.en-US.resources:grblalarmlist.baml,hdr_alarmCode:System.Windows.Controls.DataGridColumn.Header,None,True,True,,G代碼
CNC.Controls.WPF.g.en-US.resources:grblalarmlist.baml,hdr_alarmMessage:System.Windows.Controls.DataGridColumn.Header,None,True,True,,信息
CNC.Controls.WPF.g.en-US.resources:gcodelistcontrol.baml,hdr_block:System.Windows.Controls.DataGridColumn.Header,None,True,True,,區塊
CNC.Controls.WPF.g.en-US.resources:gcodelistcontrol.baml,hdr_data:System.Windows.Controls.DataGridColumn.Header,None,True,True,,數據
CNC.Controls.WPF.g.en-US.resources:grblerrorlist.baml,hdr_errorCode:System.Windows.Controls.DataGridColumn.Header,None,True,True,,代碼
CNC.Controls.WPF.g.en-US.resources:grblerrorlist.baml,hdr_errorMessage:System.Windows.Controls.DataGridColumn.Header,None,True,True,,信息
CNC.Controls.WPF.g.en-US.resources:sdcardview.baml,hdr_name:System.Windows.Controls.DataGridColumn.Header,None,True,True,,名字
CNC.Controls.WPF.g.en-US.resources:offsetview.baml,hdr_offset:System.Windows.Controls.DataGridColumn.Header,None,True,True,,偏移
CNC.Controls.WPF.g.en-US.resources:grblconfigcontrol.baml,hdr_settingId:System.Windows.Controls.DataGridColumn.Header,None,True,True,,Id
CNC.Controls.WPF.g.en-US.resources:grblconfigcontrol.baml,hdr_settingName:System.Windows.Controls.DataGridColumn.Header,None,True,True,,名字
CNC.Controls.WPF.g.en-US.resources:grblconfigcontrol.baml,hdr_settingUnit:System.Windows.Controls.DataGridColumn.Header,None,True,True,,單元
CNC.Controls.WPF.g.en-US.resources:grblconfigcontrol.baml,hdr_settingValue:System.Windows.Controls.DataGridColumn.Header,None,True,True,,值
CNC.Controls.WPF.g.en-US.resources:sdcardview.baml,hdr_size:System.Windows.Controls.DataGridColumn.Header,None,True,True,,大小
CNC.Controls.WPF.g.en-US.resources:toolview.baml,hdr_tool:System.Windows.Controls.DataGridColumn.Header,None,True,True,,刀具
CNC.Controls.WPF.g.en-US.resources:consolecontrol.baml,label_filterRT:System.Windows.Controls.ContentControl.Content,CheckBox,True,True,,過濾掉實時回覆
CNC.Controls.WPF.g.en-US.resources:consolecontrol.baml,label_showAll:System.Windows.Controls.ContentControl.Content,CheckBox,True,True,,顯示所有實時回覆
CNC.Controls.WPF.g.en-US.resources:basicconfigcontrol.baml,lbl_addLineNumbers:System.Windows.Controls.ContentControl.Content,CheckBox,True,True,,Add line numbers
CNC.Controls.WPF.g.en-US.resources:basicconfigcontrol.baml,lbl_addLineNumbers:System.Windows.FrameworkElement.ToolTip,ToolTip,True,True,,Add linenumbers if the controller is configured to report them.
CNC.Controls.WPF.g.en-US.resources:basicconfigcontrol.baml,lbl_agressiveBuffering:System.Windows.FrameworkElement.ToolTip,ToolTip,True,True,,在控制器中緩衝多行G代碼以使執行更流暢。只限grblHAL!
CNC.Controls.WPF.g.en-US.resources:basicconfigcontrol.baml,lbl_agressiveBuffering:System.Windows.Controls.ContentControl.Content,CheckBox,True,True,,多個緩衝區塊
CNC.Controls.WPF.g.en-US.resources:basicconfigcontrol.baml,lbl_autoCompressGcode:System.Windows.FrameworkElement.ToolTip,ToolTip,True,True,,刪除多餘的 gcode 命令。
CNC.Controls.WPF.g.en-US.resources:basicconfigcontrol.baml,lbl_autoCompressGcode:System.Windows.Controls.ContentControl.Content,CheckBox,True,True,,在轉換時自動壓縮G代碼
CNC.Controls.WPF.g.en-US.resources:steppercalibrationwizard.baml,lbl_axis:System.Windows.Controls.ContentControl.Content,Label,True,True,,Axis:
CNC.Controls.WPF.g.en-US.resources:offsetview.baml,lbl_axis:System.String.$Content,None,True,True,,{0} 軸:
CNC.Controls.WPF.g.en-US.resources:spindlecontrol.baml,lbl_ccw:System.Windows.Controls.ContentControl.Content,RadioButton,True,True,,反轉
CNC.Controls.WPF.g.en-US.resources:statuscontrol.baml,lbl_check:System.Windows.Controls.ContentControl.Content,Label,True,True,,檢查
CNC.Controls.WPF.g.en-US.resources:trinamicview.baml,lbl_configure:System.Windows.Controls.ContentControl.Content,Button,True,True,,配置
CNC.Controls.WPF.g.en-US.resources:spindlecontrol.baml,lbl_cw:System.Windows.Controls.ContentControl.Content,RadioButton,True,True,,正轉
CNC.Controls.WPF.g.en-US.resources:joguiconfigcontrol.baml,lbl_distance0:CNC.Controls.NumericField.Unit,None,False,True,,mm
CNC.Controls.WPF.g.en-US.resources:joguiconfigcontrol.baml,lbl_distance0:CNC.Controls.NumericField.Label,None,False,True,,距離 0:
CNC.Controls.WPF.g.en-US.resources:joguiconfigcontrol.baml,lbl_distance1:CNC.Controls.NumericField.Label,None,False,True,,距離 1:
CNC.Controls.WPF.g.en-US.resources:joguiconfigcontrol.baml,lbl_distance1:CNC.Controls.NumericField.Unit,None,False,True,,mm
CNC.Controls.WPF.g.en-US.resources:joguiconfigcontrol.baml,lbl_distance2:CNC.Controls.NumericField.Label,None,False,True,,距離 2：
CNC.Controls.WPF.g.en-US.resources:joguiconfigcontrol.baml,lbl_distance2:CNC.Controls.NumericField.Unit,None,False,True,,mm
CNC.Controls.WPF.g.en-US.resources:joguiconfigcontrol.baml,lbl_distance3:CNC.Controls.NumericField.Label,None,False,True,,距離 3：
CNC.Controls.WPF.g.en-US.resources:joguiconfigcontrol.baml,lbl_distance3:CNC.Controls.NumericField.Unit,None,False,True,,mm
CNC.Controls.WPF.g.en-US.resources:jogconfigcontrol.baml,lbl_enable:System.Windows.Controls.ContentControl.Content,CheckBox,True,True,,使能
CNC.Controls.WPF.g.en-US.resources:coolantcontrol.baml,lbl_fan:CNC.Controls.ToggleControl.Label,None,False,True,,風扇
CNC.Controls.WPF.g.en-US.resources:outlineflyout.baml,lbl_feedrate:CNC.Controls.NumericField.Label,None,True,True,,進給速度:
CNC.Controls.WPF.g.en-US.resources:outlinebasecontrol.baml,lbl_feedrate:CNC.Controls.NumericField.Label,None,True,True,,進給速率:
CNC.Controls.WPF.g.en-US.resources:joguiconfigcontrol.baml,lbl_feedrate0:CNC.Controls.NumericField.Label,None,False,True,,進給倍率 0:
CNC.Controls.WPF.g.en-US.resources:joguiconfigcontrol.baml,lbl_feedrate0:CNC.Controls.NumericField.Unit,None,False,True,,mm/min
CNC.Controls.WPF.g.en-US.resources:joguiconfigcontrol.baml,lbl_feedrate1:CNC.Controls.NumericField.Label,None,False,True,,進給倍率 1:
CNC.Controls.WPF.g.en-US.resources:joguiconfigcontrol.baml,lbl_feedrate1:CNC.Controls.NumericField.Unit,None,False,True,,mm/min
CNC.Controls.WPF.g.en-US.resources:joguiconfigcontrol.baml,lbl_feedrate2:CNC.Controls.NumericField.Label,None,False,True,,進給倍率 2:
CNC.Controls.WPF.g.en-US.resources:joguiconfigcontrol.baml,lbl_feedrate2:CNC.Controls.NumericField.Unit,None,False,True,,mm/min
CNC.Controls.WPF.g.en-US.resources:joguiconfigcontrol.baml,lbl_feedrate3:CNC.Controls.NumericField.Label,None,False,True,,進給倍率 3:
CNC.Controls.WPF.g.en-US.resources:joguiconfigcontrol.baml,lbl_feedrate3:CNC.Controls.NumericField.Unit,None,False,True,,mm/min
CNC.Controls.WPF.g.en-US.resources:basicconfigcontrol.baml,lbl_FilterOk:System.Windows.Controls.ContentControl.Content,CheckBox,True,True,,過濾“ok” 回覆信息
CNC.Controls.WPF.g.en-US.resources:basicconfigcontrol.baml,lbl_FilterOk:System.Windows.FrameworkElement.ToolTip,ToolTip,True,True,,"如果 ok 響應覆蓋了控制檯日誌記錄,則啓用,通常在發送大量短命令時發生。"
CNC.Controls.WPF.g.en-US.resources:consolecontrol.baml,lbl_filterRT:System.Windows.Controls.ContentControl.Content,CheckBox,True,True,,過濾掉實時回覆
CNC.Controls.WPF.g.en-US.resources:coolantcontrol.baml,lbl_flood:CNC.Controls.ToggleControl.Label,None,False,True,,水冷
CNC.Controls.WPF.g.en-US.resources:portdialog.baml,lbl_ipAddress:System.Windows.Controls.ContentControl.Content,Label,True,True,,IP地址:
CNC.Controls.WPF.g.en-US.resources:jogbasecontrol.baml,lbl_jogContinuous:System.Windows.Controls.ContentControl.Content,RadioButton,True,True,,Continuous
CNC.Controls.WPF.g.en-US.resources:basicconfigcontrol.baml,lbl_keepMdiFocus:System.Windows.FrameworkElement.ToolTip,ToolTip,True,True,,在控制器中緩衝多行G代碼以使執行更流暢。只限grblHAL!
CNC.Controls.WPF.g.en-US.resources:basicconfigcontrol.baml,lbl_keepMdiFocus:System.Windows.Controls.ContentControl.Content,CheckBox,True,True,,保持MDI焦點
CNC.Controls.WPF.g.en-US.resources:jogconfigcontrol.baml,lbl_linkStepToUi:System.Windows.Controls.ContentControl.Content,CheckBox,True,True,,將步距顯示到JOG頁面
CNC.Controls.WPF.g.en-US.resources:machinepositionflyout.baml,lbl_machinePosition:System.Windows.Controls.TextBlock.Text,Text,True,True,,機械座標
CNC.Controls.WPF.g.en-US.resources:coolantcontrol.baml,lbl_mist:CNC.Controls.ToggleControl.Label,None,False,True,,氣冷
CNC.Controls.WPF.g.en-US.resources:mpgpending.baml,lbl_mpgModeActive:System.Windows.Controls.ContentControl.Content,Label,True,True,,"MPG 模式已激活,等待其被禁用..."
CNC.Controls.WPF.g.en-US.resources:portdialog.baml,lbl_netPort:System.Windows.Controls.ContentControl.Content,Label,True,True,,端口:
CNC.Controls.WPF.g.en-US.resources:macroexecutecontrol.baml,lbl_noMacrosDefined:System.Windows.Controls.ContentControl.Content,Label,True,True,,"沒有定義宏,請使用編輯按鈕添加"
CNC.Controls.WPF.g.en-US.resources:macroexecutecontrol.baml,lbl_noMacrosDefined:System.Windows.Controls.TextBlock.Text,Text,True,True,,"沒有定義宏,請使用編輯按鈕添加"
CNC.Controls.WPF.g.en-US.resources:spindlecontrol.baml,lbl_off:System.Windows.Controls.ContentControl.Content,RadioButton,True,True,,關閉
CNC.Controls.WPF.g.en-US.resources:workparameterscontrol.baml,lbl_offset:System.Windows.Controls.ContentControl.Content,Label,True,True,,座標系偏移:
CNC.Controls.WPF.g.en-US.resources:offsetview.baml,lbl_offset:System.Windows.Controls.ContentControl.Content,Label,True,True,,座標系偏移:
CNC.Controls.WPF.g.en-US.resources:portdialog.baml,lbl_onConnect:System.Windows.Controls.ContentControl.Content,Label,True,True,,連接時:
CNC.Controls.WPF.g.en-US.resources:overridecontrol.baml,lbl_override:System.Windows.Controls.ContentControl.Content,Label,True,True,,倍率
CNC.Controls.WPF.g.en-US.resources:workparameterscontrol.baml,lbl_probe:System.Windows.Controls.ContentControl.Content,Label,True,True,,Probe:
CNC.Controls.WPF.g.en-US.resources:feedcontrol.baml,lbl_rapids:System.Windows.Controls.ContentControl.Content,Label,True,True,,快速G0:
CNC.Controls.WPF.g.en-US.resources:basicconfigcontrol.baml,lbl_restoreWindowSize:System.Windows.Controls.ContentControl.Content,CheckBox,True,True,,在啓動時恢復上次窗口大小
CNC.Controls.WPF.g.en-US.resources:basicconfigcontrol.baml,lbl_restoreWindowSize:System.Windows.FrameworkElement.ToolTip,ToolTip,True,True,,下次啓動時恢復窗口大小。
CNC.Controls.WPF.g.en-US.resources:spindlecontrol.baml,lbl_rpm:System.Windows.Controls.ContentControl.Content,Label,True,True,,轉速
CNC.Controls.WPF.g.en-US.resources:basicconfigcontrol.baml,lbl_sendComments:System.Windows.Controls.ContentControl.Content,CheckBox,True,True,,Send comments
CNC.Controls.WPF.g.en-US.resources:basicconfigcontrol.baml,lbl_sendComments:System.Windows.FrameworkElement.ToolTip,ToolTip,True,True,,Send complete comments.
CNC.Controls.WPF.g.en-US.resources:portdialog.baml,lbl_serialBaud:System.Windows.Controls.ContentControl.Content,Label,True,True,,鮑率:
CNC.Controls.WPF.g.en-US.resources:portdialog.baml,lbl_serialPort:System.Windows.Controls.ContentControl.Content,Label,True,True,,端口:
CNC.Controls.WPF.g.en-US.resources:trinamicview.baml,lbl_sgLoad:System.Windows.Controls.ContentControl.Content,Label,True,True,,加載（SG_RESULT）
CNC.Controls.WPF.g.en-US.resources:consolecontrol.baml,lbl_showAll:System.Windows.Controls.ContentControl.Content,CheckBox,True,True,,顯示所有實時回覆
CNC.Controls.WPF.g.en-US.resources:signalscontrol.baml,lbl_signalBlockDelete:System.Windows.FrameworkElement.ToolTip,ToolTip,True,True,,區塊刪除
CNC.Controls.WPF.g.en-US.resources:signalscontrol.baml,lbl_signalCycleStart:System.Windows.FrameworkElement.ToolTip,ToolTip,True,True,,開始加工
CNC.Controls.WPF.g.en-US.resources:signalscontrol.baml,lbl_signalEStop:System.Windows.FrameworkElement.ToolTip,ToolTip,True,True,,急停
CNC.Controls.WPF.g.en-US.resources:signalscontrol.baml,lbl_signalFeedHold:System.Windows.FrameworkElement.ToolTip,ToolTip,True,True,,進給保持
CNC.Controls.WPF.g.en-US.resources:signalscontrol.baml,lbl_signalMotorFault:System.Windows.FrameworkElement.ToolTip,ToolTip,True,True,,Motor fault
CNC.Controls.WPF.g.en-US.resources:signalscontrol.baml,lbl_signalMotorWarning:System.Windows.FrameworkElement.ToolTip,ToolTip,True,True,,電機警告
CNC.Controls.WPF.g.en-US.resources:signalscontrol.baml,lbl_signalOptionalStop:System.Windows.FrameworkElement.ToolTip,ToolTip,True,True,,選擇停
CNC.Controls.WPF.g.en-US.resources:signalscontrol.baml,lbl_signalProbe:System.Windows.FrameworkElement.ToolTip,ToolTip,True,True,,探測
CNC.Controls.WPF.g.en-US.resources:signalscontrol.baml,lbl_signalReset:System.Windows.FrameworkElement.ToolTip,ToolTip,True,True,,復位
CNC.Controls.WPF.g.en-US.resources:signalscontrol.baml,lbl_signalSafetyDoor:System.Windows.FrameworkElement.ToolTip,ToolTip,True,True,,安全門
CNC.Controls.WPF.g.en-US.resources:trinamicview.baml,lbl_stallGuardEnable:System.Windows.Controls.ContentControl.Content,CheckBox,True,True,,啓用過濾器 (SFILT)
CNC.Controls.WPF.g.en-US.resources:statuscontrol.baml,lbl_state:System.Windows.Controls.ContentControl.Content,Label,True,True,,狀態:
CNC.Controls.WPF.g.en-US.resources:basicconfigcontrol.baml,lbl_theme:System.Windows.Controls.ContentControl.Content,Label,True,True,,主題:
CNC.Controls.WPF.g.en-US.resources:toolview.baml,lbl_tipRadius:CNC.Controls.CoordValueSetControl.Label,None,True,True,,尖端半徑：
CNC.Controls.WPF.g.en-US.resources:toolview.baml,lbl_tool:System.Windows.Controls.ContentControl.Content,Label,True,True,,刀具:
CNC.Controls.WPF.g.en-US.resources:workparameterscontrol.baml,lbl_tool:System.Windows.Controls.ContentControl.Content,Label,True,True,,刀具:
CNC.Controls.WPF.g.en-US.resources:consolecontrol.baml,lbl_verbose:System.Windows.Controls.ContentControl.Content,CheckBox,True,True,,Verbose
CNC.Controls.WPF.g.en-US.resources:portdialog.baml,lbl_websocket:System.Windows.Controls.ContentControl.Content,CheckBox,True,True,,WebSocket
CNC.Controls.WPF.g.en-US.resources:gcodewrapdialog.baml,lbl_wrapSource:System.Windows.Controls.ContentControl.Content,Label,True,True,,Wrap:
CNC.Controls.WPF.g.en-US.resources:gcodewrapdialog.baml,lbl_wrapTarget:System.Windows.Controls.ContentControl.Content,Label,True,True,,to:
CNC.Controls.WPF.g.en-US.resources:toolview.baml,lbl_xAxis:CNC.Controls.CoordValueSetControl.Label,None,True,True,,X 軸:
CNC.Controls.WPF.g.en-US.resources:toolview.baml,lbl_yAxis:CNC.Controls.CoordValueSetControl.Label,None,True,True,,Y 軸:
CNC.Controls.WPF.g.en-US.resources:toolview.baml,lbl_zAxis:CNC.Controls.CoordValueSetControl.Label,None,True,True,,Z 軸:
CNC.Controls.WPF.g.en-US.resources:gcodelistcontrol.baml,mnu_copyToMDI:System.Windows.Controls.HeaderedItemsControl.Header,Menu,True,True,,複製到 MDI
CNC.Controls.WPF.g.en-US.resources:sdcardview.baml,mnu_delete:System.Windows.Controls.HeaderedItemsControl.Header,Menu,True,True,,刪除
CNC.Controls.WPF.g.en-US.resources:sdcardview.baml,mnu_downloadRun:System.Windows.Controls.HeaderedItemsControl.Header,Menu,True,True,,下載並運行
CNC.Controls.WPF.g.en-US.resources:sdcardview.baml,mnu_enableRewind:System.Windows.Controls.HeaderedItemsControl.Header,Menu,True,True,,啓用快退
CNC.Controls.WPF.g.en-US.resources:sdcardview.baml,mnu_run:System.Windows.Controls.HeaderedItemsControl.Header,Menu,True,True,,運行
CNC.Controls.WPF.g.en-US.resources:gcodelistcontrol.baml,mnu_sendToController:System.Windows.Controls.HeaderedItemsControl.Header,Menu,True,True,,發送至控制器
CNC.Controls.WPF.g.en-US.resources:gcodelistcontrol.baml,mnu_startFromHere:System.Windows.Controls.HeaderedItemsControl.Header,Menu,True,True,,從這裏開始
CNC.Controls.WPF.g.en-US.resources:gcodelistcontrol.baml,mnu_ToggleBreak:System.Windows.Controls.HeaderedItemsControl.Header,Menu,True,True,,Toggle Break
CNC.Controls.WPF.g.en-US.resources:sdcardview.baml,mnu_viewAll:System.Windows.Controls.HeaderedItemsControl.Header,Menu,True,True,,查看全部
CNC.Controls.WPF.g.en-US.resources:appconfigview.baml,msg_restart:System.String.$Content,None,True,True,,更改設置後需要重新啓動！
CNC.Controls.WPF.g.en-US.resources:jogconfigcontrol.baml,pnl_kbdJogging:System.Windows.FrameworkElement.ToolTip,ToolTip,True,True,,警告！ - Grbl 在點動取消（按鍵上）方面存在衝突的錯誤。
CNC.Controls.WPF.g.en-US.resources:libstrings.baml,str_appconfCreate:System.String.$Content,None,True,True,,配置文件未找到或無效，是否創建新的？
CNC.Controls.WPF.g.en-US.resources:libstrings.baml,str_appconfCreateFail:System.String.$Content,None,True,True,,無法保存配置文件。
CNC.Controls.WPF.g.en-US.resources:libstrings.baml,str_appconfNoConnect:System.String.$Content,None,True,True,,無法打開連接 ({0})
CNC.Controls.WPF.g.en-US.resources:steppercalibrationwizard.baml,str_CalibrationInstructions1:System.String.$Content,None,True,True,,"1. Select the axis to calibrate, Resolution is set from the underlying setting."
CNC.Controls.WPF.g.en-US.resources:steppercalibrationwizard.baml,str_CalibrationInstructions2:System.String.$Content,None,True,True,,2. Jog to the starting positition in the same direction as the first &quot;Go&quot; move and mark it.
CNC.Controls.WPF.g.en-US.resources:steppercalibrationwizard.baml,str_CalibrationInstructions3:System.String.$Content,None,True,True,,"3. Enter the Distance to measure, Measured distance is linked to Distance so will be equal."
CNC.Controls.WPF.g.en-US.resources:steppercalibrationwizard.baml,str_CalibrationInstructions4:System.String.$Content,None,True,True,,"4. Press the appropriate &quot;Go&quot; button to move the entered distance, measure and enter the value in the Measured field."
CNC.Controls.WPF.g.en-US.resources:steppercalibrationwizard.baml,str_CalibrationInstructions5:System.String.$Content,None,True,True,,5. Press the opposite &quot;Go&quot; button to move back to the origin.\\nThis step can be skipped but avoids repositioning manually to the marked start position if multiple measurements are to be performed.
CNC.Controls.WPF.g.en-US.resources:steppercalibrationwizard.baml,str_CalibrationInstructions6:System.String.$Content,None,True,True,,6. Press the &quot;Save&quot; button to update the setting.
CNC.Controls.WPF.g.en-US.resources:steppercalibrationwizard.baml,str_CalibrationInstructions7:System.String.$Content,None,True,True,,7. Repeat from step 4 (or 3). until the measured distance matches the commanded distance with the required accuracy.
CNC.Controls.WPF.g.en-US.resources:steppercalibrationwizard.baml,str_CalibrationWarnings:System.String.$Content,None,True,True,,Make sure there is room for the axis to move and avoid collision. Return move will add 0.5mm overshoot to remove any backlash from subsequent measurements.
CNC.Controls.WPF.g.en-US.resources:jobcontrol.baml,str_checking:System.String.$Content,None,True,True,,檢查…
CNC.Controls.WPF.g.en-US.resources:statuscontrol.baml,str_clearEStop:System.String.$Content,None,True,True,,在復位前先清除警報
CNC.Controls.WPF.g.en-US.resources:libstrings.baml,str_convBlockOfBlocks:System.String.$Content,None,True,True,,區塊: {0}/{1}
CNC.Controls.WPF.g.en-US.resources:libstrings.baml,str_convNumBlocks:System.String.$Content,None,True,True,,行：{1}
CNC.Controls.WPF.g.en-US.resources:sdcardview.baml,str_deleteFile:System.String.$Content,None,True,True,,刪除{0}？
CNC.Controls.WPF.g.en-US.resources:sdcardview.baml,str_downloadAndRun:System.String.$Content,None,True,True,,下載並運行{0}？
CNC.Controls.WPF.g.en-US.resources:sdcardview.baml,str_downloading:System.String.$Content,None,True,True,,正在下載{0}…
CNC.Controls.WPF.g.en-US.resources:jobcontrol.baml,str_g28g30:System.String.$Content,None,True,True,,加工程序有 G28/G30 移動且機器未回零。
CNC.Controls.WPF.g.en-US.resources:gotoflyoutcontrol.baml,str_gotoFlyout:System.String.$Content,None,True,True,,_轉到
CNC.Controls.WPF.g.en-US.resources:libstrings.baml,str_grblStateAlarm:System.String.$Content,None,True,True,,報警代碼
CNC.Controls.WPF.g.en-US.resources:libstrings.baml,str_grblStateCheck:System.String.$Content,None,True,True,,檢查
CNC.Controls.WPF.g.en-US.resources:libstrings.baml,str_grblStateDoor:System.String.$Content,None,True,True,,安全門
CNC.Controls.WPF.g.en-US.resources:libstrings.baml,str_grblStateHold:System.String.$Content,None,True,True,,進給保持
CNC.Controls.WPF.g.en-US.resources:libstrings.baml,str_grblStateHome:System.String.$Content,None,True,True,,歸位
CNC.Controls.WPF.g.en-US.resources:libstrings.baml,str_grblStateIdle:System.String.$Content,None,True,True,,空閒
CNC.Controls.WPF.g.en-US.resources:libstrings.baml,str_grblStateJog:System.String.$Content,None,True,True,,JOG
CNC.Controls.WPF.g.en-US.resources:libstrings.baml,str_grblStateRun:System.String.$Content,None,True,True,,運行
CNC.Controls.WPF.g.en-US.resources:libstrings.baml,str_grblStateSleep:System.String.$Content,None,True,True,,睡眠
CNC.Controls.WPF.g.en-US.resources:libstrings.baml,str_grblStateTool:System.String.$Content,None,True,True,,刀具:
CNC.Controls.WPF.g.en-US.resources:libstrings.baml,str_grblStateUnknown:System.String.$Content,None,True,True,,未知
CNC.Controls.WPF.g.en-US.resources:sdcardview.baml,str_illegalName:System.String.$Content,None,True,True,,"文件：{0}\\n!,?,~ 不支援空白於檔名中，請重命名。"
CNC.Controls.WPF.g.en-US.resources:jogflyoutcontrol.baml,str_jogFlyout:System.String.$Content,None,True,True,,_Jog
CNC.Controls.WPF.g.en-US.resources:libstrings.baml,str_keymappingsSaved:System.String.$Content,None,True,True,,按鍵映射已保存到 {0}
CNC.Controls.WPF.g.en-US.resources:macroexecutecontrol.baml,str_macrosFlyout:System.String.$Content,None,True,True,,_宏按鈕
CNC.Controls.WPF.g.en-US.resources:machinepositionflyout.baml,str_mposFlyout:System.String.$Content,None,True,True,,機械座標
CNC.Controls.WPF.g.en-US.resources:libstrings.baml,str_msgBadResponseExit:System.String.$Content,None,True,True,,從控制器收到意外響應：{0}，正在退出。
CNC.Controls.WPF.g.en-US.resources:libstrings.baml,str_msgDoorExit:System.String.$Content,None,True,True,,門還開着，要退出嗎？
CNC.Controls.WPF.g.en-US.resources:libstrings.baml,str_msgDoorOpen:System.String.$Content,None,True,True,,門打開，關上門並繼續嗎？
CNC.Controls.WPF.g.en-US.resources:libstrings.baml,str_msgDoorPersist:System.String.$Content,None,True,True,,門狀態解除不能用&lt;復位&gt;
CNC.Controls.WPF.g.en-US.resources:libstrings.baml,str_msgEStop:System.String.$Content,None,True,True,,急停已觸發！請先解除後再繼續...
CNC.Controls.WPF.g.en-US.resources:libstrings.baml,str_msgEStopExit:System.String.$Content,None,True,True,,急停仍然觸發，要退出嗎？
CNC.Controls.WPF.g.en-US.resources:libstrings.baml,str_msgHome:System.String.$Content,None,True,True,,"需要歸位循環,&lt;歸位&gt;然後繼續"
CNC.Controls.WPF.g.en-US.resources:libstrings.baml,str_msgNoComm:System.String.$Content,None,True,True,,控制器處於 {0} 狀態且無法響應，是否嘗試軟重置？
CNC.Controls.WPF.g.en-US.resources:libstrings.baml,str_msgNoCommAlarm:System.String.$Content,None,True,True,,由於警報 {0}，控制器無法通信，正在嘗試軟重置。
CNC.Controls.WPF.g.en-US.resources:libstrings.baml,str_msgNoResponse:System.String.$Content,None,True,True,,控制器沒有響應！
CNC.Controls.WPF.g.en-US.resources:libstrings.baml,str_msgNoResponseExit:System.String.$Content,None,True,True,,未收到控制器的響應，正在退出。
CNC.Controls.WPF.g.en-US.resources:libstrings.baml,str_msgResetExit:System.String.$Content,None,True,True,,控制器軟重置失敗，正在退出。
CNC.Controls.WPF.g.en-US.resources:libstrings.baml,str_msgResetFailed:System.String.$Content,None,True,True,,控制器軟重置失敗，正在退出。
CNC.Controls.WPF.g.en-US.resources:libstrings.baml,str_msgWait:System.String.$Content,None,True,True,,正在等待控制器 ({0})…
CNC.Controls.WPF.g.en-US.resources:sdcardview.baml,str_noCard:System.String.$Content,None,True,True,,No card mounted.
CNC.Controls.WPF.g.en-US.resources:sdcardview.baml,str_notConnection:System.String.$Content,None,True,True,,無連接。
CNC.Controls.WPF.g.en-US.resources:outlineflyout.baml,str_outlineFlyout:System.String.$Content,None,True,True,,_加工範圍
CNC.Controls.WPF.g.en-US.resources:jobcontrol.baml,str_pause:System.String.$Content,None,True,True,,暫停
CNC.Controls.WPF.g.en-US.resources:libstrings.baml,str_rotateG17G18Arcs:System.String.$Content,None,True,True,,"GCode contains arcs in XZ or YZ plane (G18/19), can&apos;t apply transform. Use &apos;Arcs to Lines&apos; if you really need this."
CNC.Controls.WPF.g.en-US.resources:libstrings.baml,str_rotateRadiusArcs:System.String.$Content,None,True,True,,"GCode contains radius mode arcs, can&apos;t apply transform. Use &apos;Arcs to Lines&apos; if you really need this."
CNC.Controls.WPF.g.en-US.resources:macrotoolbarcontrol.baml,str_runMacro:System.String.$Content,None,True,True,,要運行 {0} 宏嗎？
CNC.Controls.WPF.g.en-US.resources:macroexecutecontrol.baml,str_runMacro:System.String.$Content,None,True,True,,運行 {0} 宏嗎？
CNC.Controls.WPF.g.en-US.resources:sdcardview.baml,str_runMacro:System.String.$Content,None,True,True,,Run macro {0} with no parameters?
CNC.Controls.WPF.g.en-US.resources:grblconfigcontrol.baml,str_saveSettings:System.String.$Content,None,True,True,,設置已更改，現在保存嗎？
CNC.Controls.WPF.g.en-US.resources:grblconfigcontrol.baml,str_settingsError:System.String.$Content,None,True,True,,設置 {0} 返回 {1}，是否繼續？
CNC.Controls.WPF.g.en-US.resources:grblconfigcontrol.baml,str_settingsFail:System.String.$Content,None,True,True,,糟糕...\\n繼續加載嗎？
CNC.Controls.WPF.g.en-US.resources:grblconfigcontrol.baml,str_settingsInvalid:System.String.$Content,None,True,True,,該文件不包含任何設置。
CNC.Controls.WPF.g.en-US.resources:grblconfigcontrol.baml,str_settingsReloadMismatch:System.String.$Content,None,True,True,,{0} 設置被忽略，控制器不支持。
CNC.Controls.WPF.g.en-US.resources:libstrings.baml,str_settingsReloadMismatch:System.String.$Content,None,True,True,,某些設置被忽略，控制器不支持。
CNC.Controls.WPF.g.en-US.resources:grblconfigcontrol.baml,str_settingsRestore:System.String.$Content,None,True,True,,從文件恢復設置
CNC.Controls.WPF.g.en-US.resources:libstrings.baml,str_settingsSaved:System.String.$Content,None,True,True,,設置已保存。
CNC.Controls.WPF.g.en-US.resources:grblconfigcontrol.baml,str_settingsTimeout:System.String.$Content,None,True,True,,設置 {0} 時超時，是否繼續？
CNC.Controls.WPF.g.en-US.resources:grblconfigcontrol.baml,str_settingsWritten:System.String.$Content,None,True,True,,所有設置均寫入上位機文件夾中的 {0}。
CNC.Controls.WPF.g.en-US.resources:jobcontrol.baml,str_stop:System.String.$Content,None,True,True,,停止
CNC.Controls.WPF.g.en-US.resources:thcmonitorcontrol.baml,str_ThcFlyout:System.String.$Content,None,True,True,,_等離子監控
CNC.Controls.WPF.g.en-US.resources:libstrings.baml,str_themeBlack:System.String.$Content,None,True,True,,黑色
CNC.Controls.WPF.g.en-US.resources:libstrings.baml,str_themeDark:System.String.$Content,None,True,True,,暗黑
CNC.Controls.WPF.g.en-US.resources:libstrings.baml,str_themeDefault:System.String.$Content,None,True,True,,預設
CNC.Controls.WPF.g.en-US.resources:libstrings.baml,str_themeLight:System.String.$Content,None,True,True,,高亮
CNC.Controls.WPF.g.en-US.resources:libstrings.baml,str_themeWhite:System.String.$Content,None,True,True,,白色
CNC.Controls.WPF.g.en-US.resources:jobcontrol.baml,str_toolchanges:System.String.$Content,None,True,True,,"加工程序使用M6進行了 {0} 次刀具更換,只有少數 Grbl 端口支持自動換刀。"
CNC.Controls.WPF.g.en-US.resources:jobcontrol.baml,str_toolchangeTLO:System.String.$Content,None,True,True,,加工程序有 {0} 次換刀，在加工開始前應建立刀具長度參考。
CNC.Controls.WPF.g.en-US.resources:sdcardview.baml,str_transferAborted:System.String.$Content,None,True,True,,傳輸中止。
CNC.Controls.WPF.g.en-US.resources:jobcontrol.baml,str_transferComplete:System.String.$Content,None,True,True,,傳輸完成
CNC.Controls.WPF.g.en-US.resources:sdcardview.baml,str_transferDone:System.String.$Content,None,True,True,,傳輸完成。
CNC.Controls.WPF.g.en-US.resources:sdcardview.baml,str_transferring:System.String.$Content,None,True,True,,已傳輸 {0} 個字節，共 {1} 個字節…
CNC.Controls.WPF.g.en-US.resources:sdcardview.baml,str_uploading:System.String.$Content,None,True,True,,正在上傳…
CNC.Controls.WPF.g.en-US.resources:libstrings.baml,str_validateMax:System.String.$Content,None,True,True,,輸入無效：允許的最大值爲 {0}.
CNC.Controls.WPF.g.en-US.resources:libstrings.baml,str_validateMin:System.String.$Content,None,True,True,,輸入無效：允許的最小值爲 {0}.
CNC.Controls.WPF.g.en-US.resources:libstrings.baml,str_validateNotIP4:System.String.$Content,None,True,True,,輸入無效：不是 IP4 地址。
CNC.Controls.WPF.g.en-US.resources:libstrings.baml,str_validateRange:System.String.$Content,None,True,True,,輸入無效：允許的範圍爲 {0} - {1}.
CNC.Controls.WPF.g.en-US.resources:libstrings.baml,str_verifySendController:System.String.$Content,None,True,True,,您確定要將選定的行發送到控制器嗎？
CNC.Controls.WPF.g.en-US.resources:libstrings.baml,str_verifyStartFrom:System.String.$Content,None,True,True,,您確定控制器處於從塊 {0} 開始的正確狀態嗎？
CNC.Controls.WPF.g.en-US.resources:errorsandalarms.baml,tab_alarms:System.Windows.Controls.HeaderedContentControl.Header,Label,True,True,,報警代碼
CNC.Controls.WPF.g.en-US.resources:grblconfigview.baml,tab_basicConfig:System.Windows.Controls.HeaderedContentControl.Header,Label,True,True,,基本設定
CNC.Controls.WPF.g.en-US.resources:errorsandalarms.baml,tab_errors:System.Windows.Controls.HeaderedContentControl.Header,Label,True,True,,錯誤代碼
CNC.Controls.WPF.g.en-US.resources:portdialog.baml,tab_network:System.Windows.Controls.HeaderedContentControl.Header,Label,True,True,,以太網
CNC.Controls.WPF.g.en-US.resources:grblconfigview.baml,tab_pidTuner:System.Windows.Controls.HeaderedContentControl.Header,Label,True,True,,PID調節器
CNC.Controls.WPF.g.en-US.resources:portdialog.baml,tab_serial:System.Windows.Controls.HeaderedContentControl.Header,Label,True,True,,串口
CNC.Controls.WPF.g.en-US.resources:grblconfigview.baml,tab_stepperCalibration:System.Windows.Controls.HeaderedContentControl.Header,Label,True,True,,Stepper calibration
CNC.Controls.WPF.g.en-US.resources:grblconfigview.baml,tab_trinamic:System.Windows.Controls.HeaderedContentControl.Header,Label,True,True,,Trinamic tuner
CNC.Controls.WPF.g.en-US.resources:outlinebasecontrol.baml,txt_line1:System.Windows.Documents.Run.Text,Text,True,True,,"執行動作,勾勒出程序X/Y的最大範圍。"
CNC.Controls.WPF.g.en-US.resources:outlinebasecontrol.baml,txt_line2:System.Windows.Documents.Run.Text,Text,True,True,,確保刀具不會碰到障礙物!! 
CNC.Controls.WPF.g.en-US.resources:errorsandalarms.baml,wnd_errorsAndAlarms:System.Windows.Window.Title,Title,True,True,,控制器錯誤和警報代碼
